expID,testID,prec,recall,shd,time,date
EQ2-ERSF-k1-d=200-ng=1000-N=1-ensemble,TEST-d=400,0.3861772406271484,0.8778528977421638,615.9375,3.5848169922828674,2021-05-27T14:58:53.302
EQ2-ER-k1-d=10-d=10_k=1_gtype=ER_noise=Gaussian_mat=CH3_mec=Linear_ng=3000_N=3,TEST-gtype=SF,0.9510176744132509,0.9696180555555555,0.72265625,0.014421999454498291,2021-06-02T23:06:27.146
CNN-d=10_k=1_gtype=ER_noise=Gaussian_mat=COV_mec=Linear_ng=3000_N=3,d=10_k=1_gtype=ER_noise=Gaussian_mat=COV_mec=Linear_ng=3000_N=3,0.6643040226293184,0.4989769184692502,7.15234375,0.0017185062170028687,2021-05-23T17:51:45.355
FC-d=50_k=1_gtype=SF_noise=Gaussian_mat=COV_mec=Linear_ng=1000_N=1,d=50_k=1_gtype=SF_noise=Poisson_mat=COV_mec=Linear_ng=1000_N=1,0.1742134875303368,0.04842952806122449,57.90234375,0.009546250104904175,2021-05-23T22:10:49.589
FC-d=50_k=1_gtype=SF_noise=Gaussian_mat=COV_mec=Linear_ng=1000_N=1,d=50_k=1_gtype=SF_noise=Gumbel_mat=COV_mec=Linear_ng=1000_N=1,0.16450193732022206,0.04404496173469388,57.828125,0.009201690554618835,2021-05-23T22:10:52.169
CNN-d=50_k=1_gtype=ER_noise=Gaussian_mat=COV_mec=Linear_ng=1000_N=1,d=50_k=2_gtype=ER_noise=Gaussian_mat=COV_mec=Linear_ng=1000_N=1,0.11342133640763033,0.09113946300253851,80.904296875,0.016148120164871216,2021-05-24T02:43:22.663
FC-d=50_k=1_gtype=ER_noise=Gaussian_mat=COV_mec=Linear_ng=1000_N=1,d=50_k=1_gtype=ER_noise=Poisson_mat=COV_mec=Linear_ng=1000_N=1,0.03074295912457725,0.005945878878448197,58.583984375,0.009291931986808777,2021-05-24T02:35:17.181
CNN-d=10_k=1_gtype=ER_noise=Gaussian_mat=COV_mec=Linear_ng=3000_N=3,d=10_k=2_gtype=ER_noise=Gaussian_mat=COV_mec=Linear_ng=3000_N=3,0.5218130301738351,0.43903347612143145,9.1259765625,0.0017369985580444336,2021-05-23T17:51:47.195
EQ2-ERSF-k1-d=100-ensemble,TEST-d=400,0.1742696413442113,0.89748082447096,1744.9375,6.668166518211365,2021-05-27T14:47:02.589
EQ-d=10_k=1_gtype=SF_noise=Gaussian_mat=COV_mec=Linear_ng=3000_N=3,d=10_k=2_gtype=SF_noise=Gaussian_mat=COV_mec=Linear_ng=3000_N=3,0.9144182441651575,0.8679470486111112,1.919921875,0.010983496904373169,2021-05-23T12:57:09.445
EQ-d=50_k=1_gtype=ER_noise=Gaussian_mat=COV_mec=Linear_ng=1000_N=1,d=50_k=1_gtype=ER_noise=Gaussian_mat=COV_mec=Linear_ng=1000_N=1,0.8034434469658728,0.748116276457116,21.568359375,0.10495631396770477,2021-05-24T02:10:01.271
FC-d=50_k=1_gtype=SF_noise=Gaussian_mat=COV_mec=Linear_ng=1000_N=1,d=50_k=1_gtype=SF_noise=Exp_mat=COV_mec=Linear_ng=1000_N=1,0.1630964187082168,0.04448341836734694,58.02734375,0.00928257405757904,2021-05-23T22:10:50.908
EQ-d=10_k=1_gtype=ER_noise=Gaussian_mat=COV_mec=Linear_ng=3000_N=3,d=10_k=1_gtype=ER_noise=Gumbel_mat=COV_mec=Linear_ng=3000_N=3,0.7672869148637486,0.7518150068092168,4.533203125,0.009036615490913391,2021-05-23T17:37:16.099
FC-d=10_k=1_gtype=ER_noise=Gaussian_mat=COV_mec=Linear_ng=3000_N=3,d=10_k=1_gtype=ER_noise=Gumbel_mat=COV_mec=Linear_ng=3000_N=3,0.35992301578946684,0.2727491955760553,11.48828125,0.0012797564268112183,2021-05-23T17:43:02.370
EQ2-ER-k1-d=20-d=20_k=1_gtype=ER_noise=Gaussian_mat=CH3_mec=Linear_ng=3000_N=3,TEST-gtype=ER,0.9375492519503261,0.8463699679723714,4.08984375,0.035914480686187744,2021-06-02T23:06:27.901
EQ2-ER-k1-d=50-d=50_k=1_gtype=ER_noise=Gaussian_mat=CH3_mec=Linear_ng=1000_N=1,TEST-gtype=ER,0.8763459111702291,0.7777925169732682,16.46875,0.09845048189163208,2021-06-02T23:06:29.673
EQ2-ERSF-k1-d=200-ng=1000-N=1-ensemble,TEST-d=200,0.8952234684124603,0.7037790342264241,75.4375,0.8246669769287109,2021-05-27T14:58:18.423
CNN-d=50_k=1_gtype=SF_noise=Gaussian_mat=COV_mec=Linear_ng=1000_N=1,d=50_k=1_gtype=ER_noise=Gaussian_mat=COV_mec=Linear_ng=1000_N=1,0.4193741814077943,0.09068766069376556,51.357421875,0.014325305819511414,2021-05-23T22:18:44.588
CNN-d=10_k=1_gtype=SF_noise=Gaussian_mat=COV_mec=Linear_ng=3000_N=3,d=10_k=1_gtype=SF_noise=Gaussian_mat=COV_mec=Linear_ng=3000_N=3,0.8647536702975305,0.8307291666666665,2.693359375,0.35991206765174866,2021-05-23T12:57:27.786
FC-d=10_k=1_gtype=SF_noise=Gaussian_mat=COV_mec=Linear_ng=3000_N=3,d=10_k=1_gtype=ER_noise=Gaussian_mat=COV_mec=Linear_ng=3000_N=3,0.3006248128035974,0.21569210061751865,12.169921875,0.0012678205966949463,2021-05-23T12:57:17.181
EQ2-ERSF-k1-d=200-ng=1000-N=1-ensemble,TEST-d=100,0.9889408493427705,0.19984140442419387,79.5625,0.27557700872421265,2021-05-27T14:58:06.650
EQ-d=10_k=1_gtype=SF_noise=Gaussian_mat=COV_mec=Linear_ng=3000_N=3,d=10_k=4_gtype=SF_noise=Gaussian_mat=COV_mec=Linear_ng=3000_N=3,0.7064714054675586,0.5361328125000001,6.18359375,0.009021326899528503,2021-05-23T12:57:09.737
EQ-d=50_k=1_gtype=SF_noise=Gaussian_mat=COV_mec=Linear_ng=1000_N=1,d=50_k=1_gtype=ER_noise=Gaussian_mat=COV_mec=Linear_ng=1000_N=1,0.8363980194222836,0.6211808265223876,24.8125,0.07834881544113159,2021-05-23T21:43:24.823
FC-d=50_k=1_gtype=ER_noise=Gaussian_mat=COV_mec=Linear_ng=1000_N=1,d=50_k=2_gtype=ER_noise=Gaussian_mat=COV_mec=Linear_ng=1000_N=1,0.028915154518088404,0.0075209621626471795,90.505859375,0.019442051649093628,2021-05-24T02:35:12.621
FC-d=10_k=1_gtype=SF_noise=Gaussian_mat=COV_mec=Linear_ng=3000_N=3,d=10_k=1_gtype=SF_noise=Poisson_mat=COV_mec=Linear_ng=3000_N=3,0.565712626505188,0.4403211805555555,8.0830078125,0.0012946873903274536,2021-05-23T12:57:16.777
EQ-d=50_k=1_gtype=SF_noise=Gaussian_mat=COV_mec=Linear_ng=1000_N=1,d=50_k=1_gtype=SF_noise=Gaussian_mat=COV_mec=Linear_ng=1000_N=1,0.8296860524672883,0.7822066326530611,18.5546875,0.13572876155376434,2021-05-23T21:42:48.107
EQ-d=50_k=1_gtype=SF_noise=Gaussian_mat=COV_mec=Linear_ng=1000_N=1,d=50_k=1_gtype=SF_noise=Gumbel_mat=COV_mec=Linear_ng=1000_N=1,0.8280508645999739,0.6232461734693877,24.826171875,0.07773356139659882,2021-05-23T21:43:19.109
FC-d=10_k=1_gtype=SF_noise=Gaussian_mat=COV_mec=Linear_ng=3000_N=3,d=10_k=1_gtype=SF_noise=Exp_mat=COV_mec=Linear_ng=3000_N=3,0.563976889054259,0.4431423611111111,8.0966796875,0.0012696832418441772,2021-05-23T12:57:16.925
EQ2-SF-k1-d=20-d=20_k=1_gtype=SF_noise=Gaussian_mat=CH3_mec=Linear_ng=3000_N=3,TEST-gtype=ER,0.8551709418874024,0.746223479922823,7.3828125,0.03218221664428711,2021-06-02T23:06:28.667
EQ-d=50_k=1_gtype=SF_noise=Gaussian_mat=COV_mec=Linear_ng=1000_N=1,d=50_k=1_gtype=SF_noise=Exp_mat=COV_mec=Linear_ng=1000_N=1,0.8343813318806822,0.7813695790816325,18.314453125,0.07836788892745972,2021-05-23T21:43:11.615
EQ-d=50_k=1_gtype=ER_noise=Gaussian_mat=COV_mec=Linear_ng=1000_N=1,d=50_k=1_gtype=ER_noise=Poisson_mat=COV_mec=Linear_ng=1000_N=1,0.7956136470137208,0.7431231853204333,22.24609375,0.07982106506824493,2021-05-24T02:10:18.236
CNN-d=50_k=1_gtype=ER_noise=Gaussian_mat=COV_mec=Linear_ng=1000_N=1,d=50_k=1_gtype=ER_noise=Gumbel_mat=COV_mec=Linear_ng=1000_N=1,0.2888523818710886,0.050926544502114014,53.369140625,0.015622004866600037,2021-05-24T02:43:28.095
EQ-d=50_k=1_gtype=ER_noise=Gaussian_mat=COV_mec=Linear_ng=1000_N=1,d=50_k=1_gtype=ER_noise=Gumbel_mat=COV_mec=Linear_ng=1000_N=1,0.8097182942080781,0.5903122835081323,27.208984375,0.0791056901216507,2021-05-24T02:10:30.969
EQ-d=10_k=1_gtype=SF_noise=Gaussian_mat=COV_mec=Linear_ng=3000_N=3,d=10_k=1_gtype=SF_noise=Gumbel_mat=COV_mec=Linear_ng=3000_N=3,0.9594021755969835,0.9743923611111113,0.6025390625,0.009179502725601196,2021-05-23T12:57:10.601
EQ-d=50_k=1_gtype=ER_noise=Gaussian_mat=COV_mec=Linear_ng=1000_N=1,d=50_k=2_gtype=ER_noise=Gaussian_mat=COV_mec=Linear_ng=1000_N=1,0.4867894006536225,0.6224232830483545,51.791015625,0.07882906496524811,2021-05-24T02:10:05.609
EQ-d=10_k=1_gtype=ER_noise=Gaussian_mat=COV_mec=Linear_ng=3000_N=3,d=10_k=1_gtype=SF_noise=Gaussian_mat=COV_mec=Linear_ng=3000_N=3,0.9613847602584568,0.9398871527777778,0.880859375,0.008458942174911499,2021-05-23T17:37:16.324
FC-d=10_k=1_gtype=ER_noise=Gaussian_mat=COV_mec=Linear_ng=3000_N=3,d=10_k=1_gtype=SF_noise=Gaussian_mat=COV_mec=Linear_ng=3000_N=3,0.33298215599621656,0.2515190972222222,11.271484375,0.0012799352407455444,2021-05-23T17:43:02.484
EQ2-ER-k1-d=50-d=50_k=1_gtype=ER_noise=Gaussian_mat=CH3_mec=Linear_ng=1000_N=1,TEST-gtype=SF,0.7959750983522265,0.7101403061224489,23.3046875,0.17091649770736694,2021-06-02T23:06:30.700
EQ2-SF-k1-d=50-d=50_k=1_gtype=SF_noise=Gaussian_mat=CH3_mec=Linear_ng=1000_N=1,TEST-gtype=ER,0.9327052673880778,0.6349476116322107,20.375,0.09406423568725586,2021-06-02T23:06:31.262
EQ2-SF-k1-d=50-d=50_k=1_gtype=SF_noise=Gaussian_mat=CH3_mec=Linear_ng=1000_N=1,TEST-gtype=SF,0.9333386164353806,0.9169323979591837,7.28125,0.08953750133514404,2021-06-02T23:06:31.815
CNN-d=10_k=1_gtype=SF_noise=Gaussian_mat=COV_mec=Linear_ng=3000_N=3,d=10_k=4_gtype=SF_noise=Gaussian_mat=COV_mec=Linear_ng=3000_N=3,0.40821466352559044,0.5313585069444444,11.1787109375,0.001767873764038086,2021-05-23T12:57:28.103
FC-d=50_k=1_gtype=ER_noise=Gaussian_mat=COV_mec=Linear_ng=1000_N=1,d=50_k=4_gtype=ER_noise=Gaussian_mat=COV_mec=Linear_ng=1000_N=1,0.034909077442271716,0.00752137698734248,724.7421875,0.009148374199867249,2021-05-24T02:35:15.104
EQ2-ERSF-k1-d=200-ng=1000-N=1-ensemble,TEST-d=300,0.5545951840838945,0.8497158629163646,250.625,1.681542456150055,2021-05-27T14:58:30.370
CNN-d=50_k=1_gtype=SF_noise=Gaussian_mat=COV_mec=Linear_ng=1000_N=1,d=50_k=4_gtype=SF_noise=Gaussian_mat=COV_mec=Linear_ng=1000_N=1,0.08426210972619248,0.2266023596938776,159.71875,0.015604987740516663,2021-05-23T22:18:43.137
CNN-d=50_k=1_gtype=ER_noise=Gaussian_mat=COV_mec=Linear_ng=1000_N=1,d=50_k=1_gtype=ER_noise=Gaussian_mat=COV_mec=Linear_ng=1000_N=1,0.3186543073137328,0.027252007321949833,51.1640625,0.014026686549186707,2021-05-24T02:43:20.799
FC-d=10_k=1_gtype=ER_noise=Gaussian_mat=COV_mec=Linear_ng=3000_N=3,d=10_k=1_gtype=ER_noise=Poisson_mat=COV_mec=Linear_ng=3000_N=3,0.3720967581286028,0.26923935765180784,11.2109375,0.001297876238822937,2021-05-23T17:43:02.143
EQ2-ER-k1-d=10-d=10_k=1_gtype=ER_noise=Gaussian_mat=CH3_mec=Linear_ng=3000_N=3,TEST-gtype=ER,0.9274671841918337,0.9071218642529151,1.55859375,15.040590703487396,2021-06-02T23:06:24.397
CNN-d=50_k=1_gtype=SF_noise=Gaussian_mat=COV_mec=Linear_ng=1000_N=1,d=50_k=1_gtype=SF_noise=Exp_mat=COV_mec=Linear_ng=1000_N=1,0.5398383898013711,0.27268016581632654,47.056640625,0.01435081660747528,2021-05-23T22:18:43.865
CNN-d=10_k=1_gtype=SF_noise=Gaussian_mat=COV_mec=Linear_ng=3000_N=3,d=10_k=1_gtype=SF_noise=Exp_mat=COV_mec=Linear_ng=3000_N=3,0.8641871595139753,0.8446180555555555,2.5947265625,0.0017713755369186401,2021-05-23T12:57:28.356
EQ-d=10_k=1_gtype=ER_noise=Gaussian_mat=COV_mec=Linear_ng=3000_N=3,d=10_k=4_gtype=ER_noise=Gaussian_mat=COV_mec=Linear_ng=3000_N=3,0.6313121225783894,0.6199817497037414,7.03515625,0.00904056429862976,2021-05-23T17:36:53.523
EQ2-ERSF-k1-d=100-ensemble,TEST-d=300,0.22059341126774887,0.9146178657903955,1004.109375,3.668228432536125,2021-05-27T14:29:56.230
CNN-d=50_k=1_gtype=ER_noise=Gaussian_mat=COV_mec=Linear_ng=1000_N=1,d=50_k=1_gtype=ER_noise=Poisson_mat=COV_mec=Linear_ng=1000_N=1,0.30103843652302653,0.028751333879411353,51.634765625,0.015604376792907715,2021-05-24T02:43:25.823
EQ-d=50_k=1_gtype=SF_noise=Gaussian_mat=COV_mec=Linear_ng=1000_N=1,d=50_k=2_gtype=SF_noise=Gaussian_mat=COV_mec=Linear_ng=1000_N=1,0.6108459539211172,0.4359454719387755,41.2578125,0.08005943894386292,2021-05-23T21:42:52.907
FC-d=50_k=1_gtype=SF_noise=Gaussian_mat=COV_mec=Linear_ng=1000_N=1,d=50_k=1_gtype=SF_noise=Gaussian_mat=COV_mec=Linear_ng=1000_N=1,0.1767143794070315,0.04982461734693877,57.9609375,0.010578125715255737,2021-05-23T22:10:45.287
FC-d=10_k=1_gtype=SF_noise=Gaussian_mat=COV_mec=Linear_ng=3000_N=3,d=10_k=1_gtype=SF_noise=Gumbel_mat=COV_mec=Linear_ng=3000_N=3,0.5631741028501659,0.4420572916666667,8.1083984375,0.002384006977081299,2021-05-23T12:57:17.055
FC-d=50_k=1_gtype=ER_noise=Gaussian_mat=COV_mec=Linear_ng=1000_N=1,d=50_k=1_gtype=SF_noise=Gaussian_mat=COV_mec=Linear_ng=1000_N=1,0.02576836356972157,0.005301339285714287,58.46875,0.009138748049736023,2021-05-24T02:35:21.382
EQ-d=10_k=1_gtype=SF_noise=Gaussian_mat=COV_mec=Linear_ng=3000_N=3,d=10_k=1_gtype=SF_noise=Gaussian_mat=COV_mec=Linear_ng=3000_N=3,0.9940267680196875,0.9930555555555557,0.1162109375,3.8707923144102097,2021-05-23T12:57:06.759
FC-d=10_k=1_gtype=SF_noise=Gaussian_mat=COV_mec=Linear_ng=3000_N=3,d=10_k=2_gtype=SF_noise=Gaussian_mat=COV_mec=Linear_ng=3000_N=3,0.48718349142766687,0.3908420138888889,9.189453125,0.0013386905193328857,2021-05-23T12:57:16.469
EQ-d=10_k=1_gtype=SF_noise=Gaussian_mat=COV_mec=Linear_ng=3000_N=3,d=10_k=1_gtype=SF_noise=Poisson_mat=COV_mec=Linear_ng=3000_N=3,0.9907005111117879,0.9928385416666669,0.1484375,0.018534749746322632,2021-05-23T12:57:10.109
EQ-d=10_k=1_gtype=ER_noise=Gaussian_mat=COV_mec=Linear_ng=3000_N=3,d=10_k=1_gtype=ER_noise=Gaussian_mat=COV_mec=Linear_ng=3000_N=3,0.9271390289148993,0.8802782999066638,1.791015625,0.008532866835594177,2021-05-23T17:36:27.772
EQ2-ERSF-k1-d=400-ng=1000-N=1-ensemble,TEST-d=400,0.8283511087720631,0.6755387178704649,185.375,2.986558496952057,2021-06-02T15:49:13.010
CNN-d=50_k=1_gtype=ER_noise=Gaussian_mat=COV_mec=Linear_ng=1000_N=1,d=50_k=1_gtype=SF_noise=Gaussian_mat=COV_mec=Linear_ng=1000_N=1,0.17344523449340493,0.03866390306122449,56.25,0.01562337577342987,2021-05-24T02:43:29.546
CNN-d=50_k=1_gtype=ER_noise=Gaussian_mat=COV_mec=Linear_ng=1000_N=1,d=50_k=4_gtype=ER_noise=Gaussian_mat=COV_mec=Linear_ng=1000_N=1,0.04885412659756905,0.1447135032108084,182.642578125,0.01492425799369812,2021-05-24T02:43:24.239
CNN-d=50_k=1_gtype=ER_noise=Gaussian_mat=COV_mec=Linear_ng=1000_N=1,d=50_k=1_gtype=ER_noise=Exp_mat=COV_mec=Linear_ng=1000_N=1,0.3209752177199893,0.027678062186424615,51.17578125,0.015691936016082764,2021-05-24T02:43:26.965
CNN-d=50_k=1_gtype=SF_noise=Gaussian_mat=COV_mec=Linear_ng=1000_N=1,d=50_k=1_gtype=SF_noise=Poisson_mat=COV_mec=Linear_ng=1000_N=1,0.5425228497380951,0.27315848214285715,46.916015625,0.015152007341384888,2021-05-23T22:18:43.501
CNN-d=10_k=1_gtype=ER_noise=Gaussian_mat=COV_mec=Linear_ng=3000_N=3,d=10_k=1_gtype=ER_noise=Poisson_mat=COV_mec=Linear_ng=3000_N=3,0.6652569933176081,0.49368620621624726,7.1376953125,0.0017516911029815674,2021-05-23T17:51:47.440
FC-d=50_k=1_gtype=SF_noise=Gaussian_mat=COV_mec=Linear_ng=1000_N=1,d=50_k=2_gtype=SF_noise=Gaussian_mat=COV_mec=Linear_ng=1000_N=1,0.15027550023831845,0.046595982142857144,59.638671875,0.009231626987457275,2021-05-23T22:10:47.052
EQ2-SF-k1-d=10-d=10_k=1_gtype=SF_noise=Gaussian_mat=CH3_mec=Linear_ng=3000_N=3,TEST-gtype=ER,0.8724666512271411,0.7737402240084431,3.2109375,0.009657740592956543,2021-06-02T23:06:27.325
FC-d=50_k=1_gtype=ER_noise=Gaussian_mat=COV_mec=Linear_ng=1000_N=1,d=50_k=1_gtype=ER_noise=Gaussian_mat=COV_mec=Linear_ng=1000_N=1,0.032643310553093,0.0060604923548592884,58.279296875,0.010907486081123352,2021-05-24T02:35:11.266
EQ-d=50_k=1_gtype=ER_noise=Gaussian_mat=COV_mec=Linear_ng=1000_N=1,d=50_k=1_gtype=ER_noise=Exp_mat=COV_mec=Linear_ng=1000_N=1,0.7905433761744095,0.7431623165635254,22.509765625,0.07837773859500885,2021-05-24T02:10:24.042
CNN-d=50_k=1_gtype=SF_noise=Gaussian_mat=COV_mec=Linear_ng=1000_N=1,d=50_k=2_gtype=SF_noise=Gaussian_mat=COV_mec=Linear_ng=1000_N=1,0.2701756057080536,0.2648676658163266,71.626953125,0.0417611300945282,2021-05-23T22:18:42.756
FC-d=10_k=1_gtype=ER_noise=Gaussian_mat=COV_mec=Linear_ng=3000_N=3,d=10_k=4_gtype=ER_noise=Gaussian_mat=COV_mec=Linear_ng=3000_N=3,0.27912820939635996,0.22152672227767323,13.6728515625,0.0013001859188079834,2021-05-23T17:43:02.034
FC-d=10_k=1_gtype=ER_noise=Gaussian_mat=COV_mec=Linear_ng=3000_N=3,d=10_k=1_gtype=ER_noise=Gaussian_mat=COV_mec=Linear_ng=3000_N=3,0.3684040575966282,0.2690722842677743,11.3251953125,0.0013521313667297363,2021-05-23T17:43:01.806
CNN-d=10_k=1_gtype=SF_noise=Gaussian_mat=COV_mec=Linear_ng=3000_N=3,d=10_k=2_gtype=SF_noise=Gaussian_mat=COV_mec=Linear_ng=3000_N=3,0.7186811867497287,0.7131076388888888,5.1015625,0.007401689887046814,2021-05-23T12:57:27.979
EQ-d=50_k=1_gtype=ER_noise=Gaussian_mat=COV_mec=Linear_ng=1000_N=1,d=50_k=1_gtype=SF_noise=Gaussian_mat=COV_mec=Linear_ng=1000_N=1,0.6097781739099689,0.608219068877551,38.552734375,0.1028965562582016,2021-05-24T02:10:32.856
FC-d=10_k=1_gtype=SF_noise=Gaussian_mat=COV_mec=Linear_ng=3000_N=3,d=10_k=1_gtype=SF_noise=Gaussian_mat=COV_mec=Linear_ng=3000_N=3,0.5697024145606778,0.4420572916666667,8.025390625,0.19161587953567505,2021-05-23T12:57:16.305
EQ-d=50_k=1_gtype=ER_noise=Gaussian_mat=COV_mec=Linear_ng=1000_N=1,d=50_k=4_gtype=ER_noise=Gaussian_mat=COV_mec=Linear_ng=1000_N=1,0.20128409248705253,0.43759293524933357,117.619140625,0.07872775197029114,2021-05-24T02:10:10.328
CNN-d=10_k=1_gtype=SF_noise=Gaussian_mat=COV_mec=Linear_ng=3000_N=3,d=10_k=1_gtype=ER_noise=Gaussian_mat=COV_mec=Linear_ng=3000_N=3,0.590707396922033,0.42029216433679456,8.2509765625,0.0023098737001419067,2021-05-23T12:57:28.580
EQ2-ERSF-k1-d=100-ensemble,TEST-d=200,0.3866611867063214,0.9237341544069589,308.7890625,1.7040466964244843,2021-05-27T14:28:52.998
FC-d=50_k=1_gtype=ER_noise=Gaussian_mat=COV_mec=Linear_ng=1000_N=1,d=50_k=1_gtype=ER_noise=Gumbel_mat=COV_mec=Linear_ng=1000_N=1,0.03223090681882523,0.006066125173233728,58.234375,0.009248316287994385,2021-05-24T02:35:19.693
CNN-d=10_k=1_gtype=SF_noise=Gaussian_mat=COV_mec=Linear_ng=3000_N=3,d=10_k=1_gtype=SF_noise=Poisson_mat=COV_mec=Linear_ng=3000_N=3,0.8622365256085407,0.8363715277777778,2.6767578125,0.0017758756875991821,2021-05-23T12:57:28.227
FC-d=50_k=1_gtype=ER_noise=Gaussian_mat=COV_mec=Linear_ng=1000_N=1,d=50_k=1_gtype=ER_noise=Exp_mat=COV_mec=Linear_ng=1000_N=1,0.04916456168538277,0.008937291728178079,57.71875,0.009152814745903015,2021-05-24T02:35:18.601
FC-d=10_k=1_gtype=SF_noise=Gaussian_mat=COV_mec=Linear_ng=3000_N=3,d=10_k=4_gtype=SF_noise=Gaussian_mat=COV_mec=Linear_ng=3000_N=3,0.40854334757953575,0.326171875,10.4931640625,0.0023851245641708374,2021-05-23T12:57:16.636
CNN-d=10_k=1_gtype=ER_noise=Gaussian_mat=COV_mec=Linear_ng=3000_N=3,d=10_k=4_gtype=ER_noise=Gaussian_mat=COV_mec=Linear_ng=3000_N=3,0.31051045603361377,0.34806606879712076,13.5205078125,0.0017166286706924438,2021-05-23T17:51:47.342
CNN-d=10_k=1_gtype=ER_noise=Gaussian_mat=COV_mec=Linear_ng=3000_N=3,d=10_k=1_gtype=SF_noise=Gaussian_mat=COV_mec=Linear_ng=3000_N=3,0.6377229786331727,0.47677951388888884,7.1474609375,0.002045184373855591,2021-05-23T17:51:47.829
FC-d=50_k=1_gtype=SF_noise=Gaussian_mat=COV_mec=Linear_ng=1000_N=1,d=50_k=4_gtype=SF_noise=Gaussian_mat=COV_mec=Linear_ng=1000_N=1,0.13037683299398253,0.03694993622448979,408.75,0.010374501347541809,2021-05-23T22:10:48.333
EQ2-ERSF-k1-d=100-ensemble,TEST-d=100,0.9171436931214698,0.8119690451692002,25.9453125,5.858041867613792,2021-05-27T14:28:11.472
EQ2-SF-k1-d=10-d=10_k=1_gtype=SF_noise=Gaussian_mat=CH3_mec=Linear_ng=3000_N=3,TEST-gtype=SF,0.9883007399307328,0.9895833333333333,0.19921875,0.009711503982543945,2021-06-02T23:06:27.484
FC-d=10_k=1_gtype=ER_noise=Gaussian_mat=COV_mec=Linear_ng=3000_N=3,d=10_k=1_gtype=ER_noise=Exp_mat=COV_mec=Linear_ng=3000_N=3,0.36943532417584996,0.2740066178176704,11.318359375,0.0012784302234649658,2021-05-23T17:43:02.250
FC-d=50_k=1_gtype=SF_noise=Gaussian_mat=COV_mec=Linear_ng=1000_N=1,d=50_k=1_gtype=ER_noise=Gaussian_mat=COV_mec=Linear_ng=1000_N=1,0.02937084048389018,0.00716649029018619,60.984375,0.009175196290016174,2021-05-23T22:10:53.673
EQ2-ER-k1-d=20-d=20_k=1_gtype=ER_noise=Gaussian_mat=CH3_mec=Linear_ng=3000_N=3,TEST-gtype=SF,0.9627546977490877,0.880345394736842,2.921875,0.03224676847457886,2021-06-02T23:06:28.299
CNN-d=50_k=1_gtype=SF_noise=Gaussian_mat=COV_mec=Linear_ng=1000_N=1,d=50_k=1_gtype=SF_noise=Gaussian_mat=COV_mec=Linear_ng=1000_N=1,0.5427660169427405,0.2710459183673469,46.982421875,0.048610806465148926,2021-05-23T22:18:41.839
EQ-d=10_k=1_gtype=ER_noise=Gaussian_mat=COV_mec=Linear_ng=3000_N=3,d=10_k=2_gtype=ER_noise=Gaussian_mat=COV_mec=Linear_ng=3000_N=3,0.8256111992054354,0.8079710656131956,3.435546875,0.01210850477218628,2021-05-23T17:36:48.722
CNN-d=10_k=1_gtype=SF_noise=Gaussian_mat=COV_mec=Linear_ng=3000_N=3,d=10_k=1_gtype=SF_noise=Gumbel_mat=COV_mec=Linear_ng=3000_N=3,0.844706950258943,0.7724609375000001,3.3271484375,0.0017066150903701782,2021-05-23T12:57:28.477
EQ-d=10_k=1_gtype=ER_noise=Gaussian_mat=COV_mec=Linear_ng=3000_N=3,d=10_k=1_gtype=ER_noise=Poisson_mat=COV_mec=Linear_ng=3000_N=3,0.926568851302608,0.8814177777716441,1.7890625,0.009069368243217468,2021-05-23T17:37:02.406
CNN-d=50_k=1_gtype=SF_noise=Gaussian_mat=COV_mec=Linear_ng=1000_N=1,d=50_k=1_gtype=SF_noise=Gumbel_mat=COV_mec=Linear_ng=1000_N=1,0.46708538190974264,0.2875079719387755,51.05859375,0.015087559819221497,2021-05-23T22:18:44.231
EQ-d=50_k=1_gtype=SF_noise=Gaussian_mat=COV_mec=Linear_ng=1000_N=1,d=50_k=4_gtype=SF_noise=Gaussian_mat=COV_mec=Linear_ng=1000_N=1,0.22135843249099527,0.1303013392857143,65.166015625,0.07810881733894348,2021-05-23T21:42:57.558
EQ-d=10_k=1_gtype=ER_noise=Gaussian_mat=COV_mec=Linear_ng=3000_N=3,d=10_k=1_gtype=ER_noise=Exp_mat=COV_mec=Linear_ng=3000_N=3,0.9288425012947686,0.8787156600493479,1.7900390625,0.009022250771522522,2021-05-23T17:37:07.366
EQ2-SF-k1-d=20-d=20_k=1_gtype=SF_noise=Gaussian_mat=CH3_mec=Linear_ng=3000_N=3,TEST-gtype=SF,0.9676484742093648,0.9827302631578947,0.953125,0.03376150131225586,2021-06-02T23:06:29.046
EQ-d=50_k=1_gtype=SF_noise=Gaussian_mat=COV_mec=Linear_ng=1000_N=1,d=50_k=1_gtype=SF_noise=Poisson_mat=COV_mec=Linear_ng=1000_N=1,0.8248941141731978,0.7709661989795917,19.240234375,0.0780077576637268,2021-05-23T21:43:05.920
EQ-d=10_k=1_gtype=SF_noise=Gaussian_mat=COV_mec=Linear_ng=3000_N=3,d=10_k=1_gtype=ER_noise=Gaussian_mat=COV_mec=Linear_ng=3000_N=3,0.9052748073576806,0.7800156680570758,2.8505859375,0.008402064442634583,2021-05-23T12:57:10.835
CNN-d=10_k=1_gtype=ER_noise=Gaussian_mat=COV_mec=Linear_ng=3000_N=3,d=10_k=1_gtype=ER_noise=Exp_mat=COV_mec=Linear_ng=3000_N=3,0.6647459009694687,0.49908678282803853,7.1396484375,0.001722678542137146,2021-05-23T17:51:47.591
EQ-d=10_k=1_gtype=SF_noise=Gaussian_mat=COV_mec=Linear_ng=3000_N=3,d=10_k=1_gtype=SF_noise=Exp_mat=COV_mec=Linear_ng=3000_N=3,0.9929518769916876,0.991644965277778,0.138671875,0.01092025637626648,2021-05-23T12:57:10.359
CNN-d=10_k=1_gtype=ER_noise=Gaussian_mat=COV_mec=Linear_ng=3000_N=3,d=10_k=1_gtype=ER_noise=Gumbel_mat=COV_mec=Linear_ng=3000_N=3,0.6443824829784962,0.4214778468857618,7.6845703125,0.0017130076885223389,2021-05-23T17:51:47.688
EQ2-ERSF-k1-d=400-ng=1000-N=1-ensemble,TEST-d=200,0.9876607824675037,0.22988047402611658,154.25,16.306510746479034,2021-06-02T15:48:50.263
FC-d=10_k=1_gtype=ER_noise=Gaussian_mat=COV_mec=Linear_ng=3000_N=3,d=10_k=2_gtype=ER_noise=Gaussian_mat=COV_mec=Linear_ng=3000_N=3,0.32075528751106847,0.2520826001050389,12.1689453125,0.002808809280395508,2021-05-23T17:43:01.944
